,_replies,_submission,_reddit,subreddit_id,approved_at_utc,author_is_blocked,comment_type,awarders,mod_reason_by,banned_by,author_flair_type,total_awards_received,subreddit,author_flair_template_id,likes,user_reports,saved,id,banned_at_utc,mod_reason_title,gilded,archived,collapsed_reason_code,no_follow,author,can_mod_post,created_utc,send_replies,parent_id,score,author_fullname,approved_by,mod_note,all_awardings,collapsed,body,edited,top_awarded_type,author_flair_css_class,name,is_submitter,downs,author_flair_richtext,author_patreon_flair,body_html,removal_reason,collapsed_reason,distinguished,associated_award,stickied,author_premium,can_gild,gildings,unrepliable_reason,author_flair_text_color,score_hidden,permalink,subreddit_type,locked,report_reasons,created,author_flair_text,treatment_tags,link_id,subreddit_name_prefixed,controversiality,depth,author_flair_background_color,collapsed_because_crowd_control,mod_reports,num_reports,ups,_fetched,sentiment
0,<praw.models.comment_forest.CommentForest object at 0x00000173F3793BE0>,y9dpmh,<praw.reddit.Reddit object at 0x00000173E36DEF10>,t5_2ryq7,,False,,[],,,text,0,coys,,,[],False,it4ze40,,,0,False,,False,UnderstandingLow3162,False,2022-10-20 23:45:15,True,t3_y9dpmh,54,t2_98nugs89,,,[],False,"""we're the short side, we're the short side...""

Congrats, what a present, just be aware the time and maybe date will change!",False,,,t1_it4ze40,False,0,[],False,"<div class=""md""><p>&quot;we&#39;re the short side, we&#39;re the short side...&quot;</p>

<p>Congrats, what a present, just be aware the time and maybe date will change!</p>
</div>",,,,,False,False,True,{},,,False,/r/coys/comments/y9dpmh/she_understood_the_assignment/it4ze40/,public,False,,1666309515.0,,[],t3_y9dpmh,r/coys,0,0,,,[],,54,True,"{'neg': 0.0, 'neu': 0.85, 'pos': 0.15, 'compound': 0.5707}"
1,<praw.models.comment_forest.CommentForest object at 0x00000173F3793C40>,y9dpmh,<praw.reddit.Reddit object at 0x00000173E36DEF10>,t5_2ryq7,,False,,[],,,text,0,coys,,,[],False,it5mhia,,,0,False,,False,BettsBellingerCaruso,False,2022-10-21 02:36:09,True,t3_y9dpmh,29,t2_8df4gcjq,,,[],False,"Damn bro that's amazing

Hope it ends like the last NLD at home & also w/ the same end result of knocking them out of a CL spot",False,,,t1_it5mhia,False,0,[],False,"<div class=""md""><p>Damn bro that&#39;s amazing</p>

<p>Hope it ends like the last NLD at home &amp; also w/ the same end result of knocking them out of a CL spot</p>
</div>",,,,,False,False,True,{},,,False,/r/coys/comments/y9dpmh/she_understood_the_assignment/it5mhia/,public,False,,1666319769.0,,[],t3_y9dpmh,r/coys,0,0,,,[],,29,True,"{'neg': 0.075, 'neu': 0.669, 'pos': 0.256, 'compound': 0.7579}"
2,<praw.models.comment_forest.CommentForest object at 0x00000173F3793D00>,y9dpmh,<praw.reddit.Reddit object at 0x00000173E36DEF10>,t5_2ryq7,,False,,[],,,text,0,coys,,,[],False,it5qgyt,,,0,False,,False,unvotes_self,False,2022-10-21 03:07:41,True,t3_y9dpmh,24,t2_bw9i2vzp,,,[],False,Howâ€™d you get tickets already?,False,,,t1_it5qgyt,False,0,[],False,"<div class=""md""><p>Howâ€™d you get tickets already?</p>
</div>",,,,,False,False,True,{},,,False,/r/coys/comments/y9dpmh/she_understood_the_assignment/it5qgyt/,public,False,,1666321661.0,,[],t3_y9dpmh,r/coys,0,0,,,[],,24,True,"{'neg': 0.0, 'neu': 1.0, 'pos': 0.0, 'compound': 0.0}"
3,<praw.models.comment_forest.CommentForest object at 0x00000173F3793DC0>,y9dpmh,<praw.reddit.Reddit object at 0x00000173E36DEF10>,t5_2ryq7,,False,,[],,,richtext,0,coys,25a759aa-fa0c-11ea-99f0-0ef7a0446d15,,[],False,it5tsrs,,,0,False,,False,justxforxthis,False,2022-10-21 03:35:30,True,t3_y9dpmh,12,t2_6a5vd358,,,[],False,"Found a real keeper! 

Hopefully the boys show up and donâ€™t disappointâ€¦",False,,flair7,t1_it5tsrs,False,0,"[{'a': ':classic-logo-07:', 'u': 'https://emoji.redditmedia.com/sou68cmxyzn51_t5_2ryq7/classic-logo-07', 'e': 'emoji'}]",False,"<div class=""md""><p>Found a real keeper! </p>

<p>Hopefully the boys show up and donâ€™t disappointâ€¦</p>
</div>",,,,,False,False,True,{},,dark,False,/r/coys/comments/y9dpmh/she_understood_the_assignment/it5tsrs/,public,False,,1666323330.0,:classic-logo-07:,[],t3_y9dpmh,r/coys,0,0,transparent,,[],,12,True,"{'neg': 0.0, 'neu': 0.786, 'pos': 0.214, 'compound': 0.4574}"
4,<praw.models.comment_forest.CommentForest object at 0x00000173F3793FA0>,y9dpmh,<praw.reddit.Reddit object at 0x00000173E36DEF10>,t5_2ryq7,,False,,[],,,text,0,coys,,,[],False,it6s78l,,,0,False,,False,kevkevverson,False,2022-10-21 10:35:08,True,t3_y9dpmh,5,t2_6kh90,,,[],False,And you got her a giant toblerone,False,,,t1_it6s78l,False,0,[],False,"<div class=""md""><p>And you got her a giant toblerone</p>
</div>",,,,,False,False,True,{},,,False,/r/coys/comments/y9dpmh/she_understood_the_assignment/it6s78l/,public,False,,1666348508.0,,[],t3_y9dpmh,r/coys,0,0,,,[],,5,True,"{'neg': 0.0, 'neu': 1.0, 'pos': 0.0, 'compound': 0.0}"
5,<praw.models.comment_forest.CommentForest object at 0x00000173F37991C0>,y9dpmh,<praw.reddit.Reddit object at 0x00000173E36DEF10>,t5_2ryq7,,False,,[],,,richtext,0,coys,c8695478-03ae-11e9-bc2a-0ea3befe1014,,[],False,it6shkl,,,0,False,,False,kinggareth,False,2022-10-21 10:38:45,True,t3_y9dpmh,3,t2_bi1xy,,,[],False,"Congrats!!! (Both the match and anniversary).

  


My wife and I will also be there, and it will be our first match at the stadium. I don't even care how cold it will be, I'll be too excited to be cold lol.",False,,num7,t1_it6shkl,False,0,"[{'a': ':finale-07:', 'u': 'https://emoji.redditmedia.com/rpjlkvqqz1h31_t5_2ryq7/finale-07', 'e': 'emoji'}, {'e': 'text', 't': ' Son'}]",False,"<div class=""md""><p>Congrats!!! (Both the match and anniversary).</p>

<p>My wife and I will also be there, and it will be our first match at the stadium. I don&#39;t even care how cold it will be, I&#39;ll be too excited to be cold lol.</p>
</div>",,,,,False,False,True,{},,light,False,/r/coys/comments/y9dpmh/she_understood_the_assignment/it6shkl/,public,False,,1666348725.0,:finale-07: Son,[],t3_y9dpmh,r/coys,0,0,#343636,,[],,3,True,"{'neg': 0.054, 'neu': 0.754, 'pos': 0.193, 'compound': 0.7813}"
6,<praw.models.comment_forest.CommentForest object at 0x00000173F3799220>,y9dpmh,<praw.reddit.Reddit object at 0x00000173E36DEF10>,t5_2ryq7,,False,,[],,,text,0,coys,,,[],False,it5ng1m,,,0,False,,False,Xzyus1,False,2022-10-21 02:43:31,True,t3_y9dpmh,10,t2_4hvoutls,,,[],False,man the problem with soccer tickets as gifts is that they can make you have either a gd day or a bad day,False,,,t1_it5ng1m,False,0,[],False,"<div class=""md""><p>man the problem with soccer tickets as gifts is that they can make you have either a gd day or a bad day</p>
</div>",,,,,False,False,True,{},,,False,/r/coys/comments/y9dpmh/she_understood_the_assignment/it5ng1m/,public,False,,1666320211.0,,[],t3_y9dpmh,r/coys,0,0,,,[],,10,True,"{'neg': 0.228, 'neu': 0.772, 'pos': 0.0, 'compound': -0.7351}"
7,<praw.models.comment_forest.CommentForest object at 0x00000173F3799280>,y9dpmh,<praw.reddit.Reddit object at 0x00000173E36DEF10>,t5_2ryq7,,False,,[],,,richtext,0,coys,c8695478-03ae-11e9-bc2a-0ea3befe1014,,[],False,it5wxhy,,,0,False,,False,gd8181,False,2022-10-21 04:03:22,True,t3_y9dpmh,5,t2_19pdft,,,[],False,How does a person find someone like that,False,,num7,t1_it5wxhy,False,0,"[{'a': ':finale-07:', 'u': 'https://emoji.redditmedia.com/rpjlkvqqz1h31_t5_2ryq7/finale-07', 'e': 'emoji'}, {'e': 'text', 't': ' Son'}]",False,"<div class=""md""><p>How does a person find someone like that</p>
</div>",,,,,False,False,True,{},,light,False,/r/coys/comments/y9dpmh/she_understood_the_assignment/it5wxhy/,public,False,,1666325002.0,:finale-07: Son,[],t3_y9dpmh,r/coys,0,0,#343636,,[],,5,True,"{'neg': 0.0, 'neu': 0.737, 'pos': 0.263, 'compound': 0.3612}"
8,<praw.models.comment_forest.CommentForest object at 0x00000173F3799340>,y9dpmh,<praw.reddit.Reddit object at 0x00000173E36DEF10>,t5_2ryq7,,False,,[],,,richtext,0,coys,d651b530-03ae-11e9-b07a-0e7c7e3aa2fa,,[],False,it53nvi,,,0,False,,True,NeighborhoodOptimist,False,2022-10-21 00:17:30,True,t3_y9dpmh,3,t2_f4cdaotk,,,[],False,Congrats,False,,num10,t1_it53nvi,False,0,"[{'a': ':finale-10:', 'u': 'https://emoji.redditmedia.com/z014sd3sz1h31_t5_2ryq7/finale-10', 'e': 'emoji'}, {'e': 'text', 't': "" That's Gotta Be Kane""}]",False,"<div class=""md""><p>Congrats</p>
</div>",,,,,False,False,True,{},,dark,False,/r/coys/comments/y9dpmh/she_understood_the_assignment/it53nvi/,public,False,,1666311450.0,:finale-10: That's Gotta Be Kane,[],t3_y9dpmh,r/coys,0,0,,,[],,3,True,"{'neg': 0.0, 'neu': 0.0, 'pos': 1.0, 'compound': 0.5267}"
9,<praw.models.comment_forest.CommentForest object at 0x00000173F3799400>,y9dpmh,<praw.reddit.Reddit object at 0x00000173E36DEF10>,t5_2ryq7,,False,,[],,,text,0,coys,,,[],False,it5jg2r,,,0,False,,True,trevbal6,False,2022-10-21 02:13:22,True,t3_y9dpmh,3,t2_7p5t7,,,[],False,Holy fuck!  Literally.,False,,,t1_it5jg2r,False,0,[],False,"<div class=""md""><p>Holy fuck!  Literally.</p>
</div>",,,,,False,False,True,{},,,False,/r/coys/comments/y9dpmh/she_understood_the_assignment/it5jg2r/,public,False,,1666318402.0,,[],t3_y9dpmh,r/coys,0,0,,,[],,3,True,"{'neg': 0.655, 'neu': 0.345, 'pos': 0.0, 'compound': -0.5848}"
10,<praw.models.comment_forest.CommentForest object at 0x00000173F37994C0>,y9dpmh,<praw.reddit.Reddit object at 0x00000173E36DEF10>,t5_2ryq7,,False,,[],,,richtext,0,coys,0529d304-fa95-11ea-8833-0e194b27ce5f,,[],False,it61tz9,,,0,False,,True,ImperialPie77,False,2022-10-21 04:49:46,True,t3_y9dpmh,2,t2_1isjhpp2,,,[],False,Happy anniversary op. Those are some great seats,False,,default,t1_it61tz9,False,0,"[{'a': ':finale-coys:', 'u': 'https://emoji.redditmedia.com/d4w0bv9dz8t01_t5_2ryq7/finale-coys', 'e': 'emoji'}, {'e': 'text', 't': ' In Conte We Trust'}]",False,"<div class=""md""><p>Happy anniversary op. Those are some great seats</p>
</div>",,,,,False,False,True,{},,dark,False,/r/coys/comments/y9dpmh/she_understood_the_assignment/it61tz9/,public,False,,1666327786.0,:finale-coys: In Conte We Trust,[],t3_y9dpmh,r/coys,0,0,#edeff1,,[],,2,True,"{'neg': 0.0, 'neu': 0.435, 'pos': 0.565, 'compound': 0.8316}"
11,<praw.models.comment_forest.CommentForest object at 0x00000173F3799520>,y9dpmh,<praw.reddit.Reddit object at 0x00000173E36DEF10>,t5_2ryq7,,False,,[],,,text,0,coys,,,[],False,it6lpbr,,,0,False,,True,Joshooaahweb,False,2022-10-21 09:04:07,True,t3_y9dpmh,2,t2_z4ml2,,,[],False,"Great seats too! 
If you need recommendations for things to do / places to drink happy to recommend!",False,,,t1_it6lpbr,False,0,[],False,"<div class=""md""><p>Great seats too! 
If you need recommendations for things to do / places to drink happy to recommend!</p>
</div>",,,,,False,False,True,{},,,False,/r/coys/comments/y9dpmh/she_understood_the_assignment/it6lpbr/,public,False,,1666343047.0,,[],t3_y9dpmh,r/coys,0,0,,,[],,2,True,"{'neg': 0.0, 'neu': 0.58, 'pos': 0.42, 'compound': 0.8975}"
12,<praw.models.comment_forest.CommentForest object at 0x00000173F37995E0>,y9dpmh,<praw.reddit.Reddit object at 0x00000173E36DEF10>,t5_2ryq7,,False,,[],,,text,0,coys,,,[],False,it65tpu,,,0,False,,True,markymarcus220,False,2022-10-21 05:32:56,True,t3_y9dpmh,1,t2_7t6l6qni,,,[],False,Nice! She's an absolute keeper!,False,,,t1_it65tpu,False,0,[],False,"<div class=""md""><p>Nice! She&#39;s an absolute keeper!</p>
</div>",,,,,False,False,True,{},,,False,/r/coys/comments/y9dpmh/she_understood_the_assignment/it65tpu/,public,False,,1666330376.0,,[],t3_y9dpmh,r/coys,0,0,,,[],,1,True,"{'neg': 0.0, 'neu': 0.542, 'pos': 0.458, 'compound': 0.5242}"
13,<praw.models.comment_forest.CommentForest object at 0x00000173F37996A0>,y9dpmh,<praw.reddit.Reddit object at 0x00000173E36DEF10>,t5_2ryq7,,False,,[],,,text,0,coys,,,[],False,it6elve,,,0,False,,True,miaara,False,2022-10-21 07:22:52,True,t3_y9dpmh,1,t2_gsis5kk2,,,[],False,Awww ðŸ’™,False,,,t1_it6elve,False,0,[],False,"<div class=""md""><p>Awww ðŸ’™</p>
</div>",,,,,False,False,True,{},,,False,/r/coys/comments/y9dpmh/she_understood_the_assignment/it6elve/,public,False,,1666336972.0,,[],t3_y9dpmh,r/coys,0,0,,,[],,1,True,"{'neg': 0.0, 'neu': 0.323, 'pos': 0.677, 'compound': 0.6369}"
14,<praw.models.comment_forest.CommentForest object at 0x00000173F3793CA0>,y9dpmh,<praw.reddit.Reddit object at 0x00000173E36DEF10>,t5_2ryq7,,False,,[],,,richtext,0,coys,fe6a88d0-fa0b-11ea-95a0-0ec34be7d3f7,,[],False,it4zs13,,,0,False,,False,sangueblu03,False,2022-10-20 23:48:11,True,t1_it4ze40,11,t2_j0koby1f,,,[],False,Thank you! Just need to find flexible airfare!,False,,flair1,t1_it4zs13,True,0,"[{'e': 'text', 't': 'Aviva'}]",False,"<div class=""md""><p>Thank you! Just need to find flexible airfare!</p>
</div>",,,,,False,False,True,{},,dark,False,/r/coys/comments/y9dpmh/she_understood_the_assignment/it4zs13/,public,False,,1666309691.0,Aviva,[],t3_y9dpmh,r/coys,0,1,transparent,,[],,11,True,"{'neg': 0.0, 'neu': 0.546, 'pos': 0.454, 'compound': 0.6103}"
15,<praw.models.comment_forest.CommentForest object at 0x00000173F3793EE0>,y9dpmh,<praw.reddit.Reddit object at 0x00000173E36DEF10>,t5_2ryq7,,False,,[],,,richtext,0,coys,fe6a88d0-fa0b-11ea-95a0-0ec34be7d3f7,,[],False,it6qyiy,,,0,False,,False,sangueblu03,False,2022-10-21 10:19:05,True,t1_it5qgyt,12,t2_j0koby1f,,,[],False,"Some man with a kind face promised her the tickets the morning of the match, if we just show up at a specific address with cash and Rolexes",False,,flair1,t1_it6qyiy,True,0,"[{'e': 'text', 't': 'Aviva'}]",False,"<div class=""md""><p>Some man with a kind face promised her the tickets the morning of the match, if we just show up at a specific address with cash and Rolexes</p>
</div>",,,,,False,False,True,{},,dark,False,/r/coys/comments/y9dpmh/she_understood_the_assignment/it6qyiy/,public,False,,1666347545.0,Aviva,[],t3_y9dpmh,r/coys,0,1,transparent,,[],,12,True,"{'neg': 0.0, 'neu': 0.815, 'pos': 0.185, 'compound': 0.7096}"
16,<praw.models.comment_forest.CommentForest object at 0x00000173F3799160>,y9dpmh,<praw.reddit.Reddit object at 0x00000173E36DEF10>,t5_2ryq7,,False,,[],,,richtext,0,coys,8abd78ae-0944-11ec-8b1c-1a509e434bb0,,[],False,it5vgxj,,,0,False,,False,Particular-Ad-8178,False,2022-10-21 03:50:08,True,t1_it5tsrs,17,t2_86wce4s1,,,[],False,A worthy successor to lloris?,False,,culthero,t1_it5vgxj,False,0,"[{'a': ':cultheroes:', 'u': 'https://emoji.redditmedia.com/cecro1chq6k71_t5_2ryq7/cultheroes', 'e': 'emoji'}, {'e': 'text', 't': ' Christian Eriksen'}]",False,"<div class=""md""><p>A worthy successor to lloris?</p>
</div>",,,,,False,False,True,{},,light,False,/r/coys/comments/y9dpmh/she_understood_the_assignment/it5vgxj/,public,False,,1666324208.0,:cultheroes: Christian Eriksen,[],t3_y9dpmh,r/coys,0,1,#2e196d,,[],,17,True,"{'neg': 0.0, 'neu': 0.385, 'pos': 0.615, 'compound': 0.5859}"
17,<praw.models.comment_forest.CommentForest object at 0x00000173F37992E0>,y9dpmh,<praw.reddit.Reddit object at 0x00000173E36DEF10>,t5_2ryq7,,False,,[],,,text,0,coys,,,[],False,it68i99,,,0,False,,False,gaussian-noise123,False,2022-10-21 06:04:33,True,t1_it5ng1m,9,t2_mhvedh4q,,,[],False,Going with a loving partner absolutely reduces the pain of a normal lose day tho,False,,,t1_it68i99,False,0,[],False,"<div class=""md""><p>Going with a loving partner absolutely reduces the pain of a normal lose day tho</p>
</div>",,,,,False,False,True,{},,,False,/r/coys/comments/y9dpmh/she_understood_the_assignment/it68i99/,public,False,,1666332273.0,,[],t3_y9dpmh,r/coys,0,1,,,[],,9,True,"{'neg': 0.283, 'neu': 0.541, 'pos': 0.176, 'compound': -0.3321}"
18,<praw.models.comment_forest.CommentForest object at 0x00000173F37993A0>,y9dpmh,<praw.reddit.Reddit object at 0x00000173E36DEF10>,t5_2ryq7,,False,,[],,,richtext,0,coys,fe6a88d0-fa0b-11ea-95a0-0ec34be7d3f7,,[],False,it6qctr,,,0,False,,False,sangueblu03,False,2022-10-21 10:11:07,True,t1_it5wxhy,5,t2_j0koby1f,,,[],False,Slid into her DMs on Instagramâ€¦,False,,flair1,t1_it6qctr,True,0,"[{'e': 'text', 't': 'Aviva'}]",False,"<div class=""md""><p>Slid into her DMs on Instagramâ€¦</p>
</div>",,,,,False,False,True,{},,dark,False,/r/coys/comments/y9dpmh/she_understood_the_assignment/it6qctr/,public,False,,1666347067.0,Aviva,[],t3_y9dpmh,r/coys,0,1,transparent,,[],,5,True,"{'neg': 0.0, 'neu': 1.0, 'pos': 0.0, 'compound': 0.0}"
19,<praw.models.comment_forest.CommentForest object at 0x00000173F3799460>,y9dpmh,<praw.reddit.Reddit object at 0x00000173E36DEF10>,t5_2ryq7,,False,,[],,,richtext,0,coys,fe6a88d0-fa0b-11ea-95a0-0ec34be7d3f7,,[],False,it5cobw,,,0,False,,True,sangueblu03,False,2022-10-21 01:24:04,True,t1_it53nvi,2,t2_j0koby1f,,,[],False,Thank you!,False,,flair1,t1_it5cobw,True,0,"[{'e': 'text', 't': 'Aviva'}]",False,"<div class=""md""><p>Thank you!</p>
</div>",,,,,False,False,True,{},,dark,False,/r/coys/comments/y9dpmh/she_understood_the_assignment/it5cobw/,public,False,,1666315444.0,Aviva,[],t3_y9dpmh,r/coys,0,1,transparent,,[],,2,True,"{'neg': 0.0, 'neu': 0.264, 'pos': 0.736, 'compound': 0.4199}"
20,<praw.models.comment_forest.CommentForest object at 0x00000173F3799580>,y9dpmh,<praw.reddit.Reddit object at 0x00000173E36DEF10>,t5_2ryq7,,False,,[],,,richtext,0,coys,fe6a88d0-fa0b-11ea-95a0-0ec34be7d3f7,,[],False,it6qbxn,,,0,False,,True,sangueblu03,False,2022-10-21 10:10:46,True,t1_it61tz9,2,t2_j0koby1f,,,[],False,Thank you!,False,,flair1,t1_it6qbxn,True,0,"[{'e': 'text', 't': 'Aviva'}]",False,"<div class=""md""><p>Thank you!</p>
</div>",,,,,False,False,True,{},,dark,False,/r/coys/comments/y9dpmh/she_understood_the_assignment/it6qbxn/,public,False,,1666347046.0,Aviva,[],t3_y9dpmh,r/coys,0,1,transparent,,[],,2,True,"{'neg': 0.0, 'neu': 0.264, 'pos': 0.736, 'compound': 0.4199}"
21,<praw.models.comment_forest.CommentForest object at 0x00000173F3799640>,y9dpmh,<praw.reddit.Reddit object at 0x00000173E36DEF10>,t5_2ryq7,,False,,[],,,richtext,0,coys,fe6a88d0-fa0b-11ea-95a0-0ec34be7d3f7,,[],False,it6qar4,,,0,False,,True,sangueblu03,False,2022-10-21 10:10:20,True,t1_it6lpbr,1,t2_j0koby1f,,,[],False,"May take you up on that, thank you!",False,,flair1,t1_it6qar4,True,0,"[{'e': 'text', 't': 'Aviva'}]",False,"<div class=""md""><p>May take you up on that, thank you!</p>
</div>",,,,,False,False,True,{},,dark,False,/r/coys/comments/y9dpmh/she_understood_the_assignment/it6qar4/,public,False,,1666347020.0,Aviva,[],t3_y9dpmh,r/coys,0,1,transparent,,[],,1,True,"{'neg': 0.0, 'neu': 0.715, 'pos': 0.285, 'compound': 0.4199}"
22,<praw.models.comment_forest.CommentForest object at 0x00000173F3793D60>,y9dpmh,<praw.reddit.Reddit object at 0x00000173E36DEF10>,t5_2ryq7,,False,,[],,,text,0,coys,,,[],False,it50onb,,,0,False,,False,UnderstandingLow3162,False,2022-10-20 23:54:57,True,t1_it4zs13,7,t2_98nugs89,,,[],False,"It should be that weekend, probably Saturday lunchtime, maybe 2pm Sunday.",False,,,t1_it50onb,False,0,[],False,"<div class=""md""><p>It should be that weekend, probably Saturday lunchtime, maybe 2pm Sunday.</p>
</div>",,,,,False,False,True,{},,,False,/r/coys/comments/y9dpmh/she_understood_the_assignment/it50onb/,public,False,,1666310097.0,,[],t3_y9dpmh,r/coys,0,2,,,[],,7,True,"{'neg': 0.0, 'neu': 1.0, 'pos': 0.0, 'compound': 0.0}"
23,<praw.models.comment_forest.CommentForest object at 0x00000173F37990A0>,y9dpmh,<praw.reddit.Reddit object at 0x00000173E36DEF10>,t5_2ryq7,,False,,[],,,text,0,coys,,,[],False,it741wf,,,0,False,,True,unvotes_self,False,2022-10-21 12:38:05,True,t1_it6qyiy,1,t2_bw9i2vzp,,,[],False,"Sorry if I donâ€™t understand the reference. Reason I ask is, Iâ€™m trying to get over there for that match as well but tickets to members spurs+ arenâ€™t available till next week according to the website. so I was confused",False,,,t1_it741wf,False,0,[],False,"<div class=""md""><p>Sorry if I donâ€™t understand the reference. Reason I ask is, Iâ€™m trying to get over there for that match as well but tickets to members spurs+ arenâ€™t available till next week according to the website. so I was confused</p>
</div>",,,,,False,False,True,{},,,True,/r/coys/comments/y9dpmh/she_understood_the_assignment/it741wf/,public,False,,1666355885.0,,[],t3_y9dpmh,r/coys,0,2,,,[],,1,True,"{'neg': 0.104, 'neu': 0.86, 'pos': 0.036, 'compound': -0.4489}"
24,<praw.models.comment_forest.CommentForest object at 0x00000173F3793E20>,y9dpmh,<praw.reddit.Reddit object at 0x00000173E36DEF10>,t5_2ryq7,,False,,[],,,richtext,0,coys,fe6a88d0-fa0b-11ea-95a0-0ec34be7d3f7,,[],False,it5cydg,,,0,False,,False,sangueblu03,False,2022-10-21 01:26:07,True,t1_it50onb,7,t2_j0koby1f,,,[],False,"Thankfully weâ€™re normally only a few hours flight away , so reschedule shouldnâ€™t be the worst thing. I wonâ€™t be missing this match, thatâ€™s for sure.",False,,flair1,t1_it5cydg,True,0,"[{'e': 'text', 't': 'Aviva'}]",False,"<div class=""md""><p>Thankfully weâ€™re normally only a few hours flight away , so reschedule shouldnâ€™t be the worst thing. I wonâ€™t be missing this match, thatâ€™s for sure.</p>
</div>",,,,,False,False,True,{},,dark,False,/r/coys/comments/y9dpmh/she_understood_the_assignment/it5cydg/,public,False,,1666315567.0,Aviva,[],t3_y9dpmh,r/coys,0,3,transparent,,[],,7,True,"{'neg': 0.189, 'neu': 0.659, 'pos': 0.153, 'compound': -0.296}"
25,<praw.models.comment_forest.CommentForest object at 0x00000173F3793E80>,y9dpmh,<praw.reddit.Reddit object at 0x00000173E36DEF10>,t5_2ryq7,,False,,[],,,richtext,0,coys,56abbf7c-07a4-11ec-a124-32e726bea20f,,[],False,it6ujyv,,,0,False,,True,PAO_RT_IN_THE_KISSER,False,2022-10-21 11:03:41,True,t1_it50onb,2,t2_oj77e,,,[],False,How soon/late are times finalized typically?,False,,image-kane,t1_it6ujyv,False,0,"[{'a': ':image-kane:', 'u': 'https://emoji.redditmedia.com/9umkzmsm90k71_t5_2ryq7/image-kane', 'e': 'emoji'}, {'e': 'text', 't': ' Harry Kane'}]",False,"<div class=""md""><p>How soon/late are times finalized typically?</p>
</div>",,,,,False,False,True,{},,dark,False,/r/coys/comments/y9dpmh/she_understood_the_assignment/it6ujyv/,public,False,,1666350221.0,:image-kane: Harry Kane,[],t3_y9dpmh,r/coys,0,3,#edeff1,,[],,2,True,"{'neg': 0.0, 'neu': 1.0, 'pos': 0.0, 'compound': 0.0}"
26,<praw.models.comment_forest.CommentForest object at 0x00000173F3793F40>,y9dpmh,<praw.reddit.Reddit object at 0x00000173E36DEF10>,t5_2ryq7,,False,,[],,,text,0,coys,,,[],False,it6xrum,,,0,False,,True,UnderstandingLow3162,False,2022-10-21 11:38:53,True,t1_it6ujyv,1,t2_98nugs89,,,[],False,"They should have been announced by now, but as usual Premier League are late...

[https://www.premierleague.com/news/2647056](https://www.premierleague.com/news/2647056)",False,,,t1_it6xrum,False,0,[],False,"<div class=""md""><p>They should have been announced by now, but as usual Premier League are late...</p>

<p><a href=""https://www.premierleague.com/news/2647056"">https://www.premierleague.com/news/2647056</a></p>
</div>",,,,,False,False,True,{},,,False,/r/coys/comments/y9dpmh/she_understood_the_assignment/it6xrum/,public,False,,1666352333.0,,[],t3_y9dpmh,r/coys,0,4,,,[],,1,True,"{'neg': 0.0, 'neu': 1.0, 'pos': 0.0, 'compound': 0.0}"
27,<praw.models.comment_forest.CommentForest object at 0x00000173F3799040>,y9dpmh,<praw.reddit.Reddit object at 0x00000173E36DEF10>,t5_2ryq7,,False,,[],,,richtext,0,coys,56abbf7c-07a4-11ec-a124-32e726bea20f,,[],False,it6ywrm,,,0,False,,True,PAO_RT_IN_THE_KISSER,False,2022-10-21 11:50:28,True,t1_it6xrum,1,t2_oj77e,,,[],False,Thank you so much! For some reason I was thinking the schedule could change a lot closer to the match.,False,,image-kane,t1_it6ywrm,False,0,"[{'a': ':image-kane:', 'u': 'https://emoji.redditmedia.com/9umkzmsm90k71_t5_2ryq7/image-kane', 'e': 'emoji'}, {'e': 'text', 't': ' Harry Kane'}]",False,"<div class=""md""><p>Thank you so much! For some reason I was thinking the schedule could change a lot closer to the match.</p>
</div>",,,,,False,False,True,{},,dark,False,/r/coys/comments/y9dpmh/she_understood_the_assignment/it6ywrm/,public,False,,1666353028.0,:image-kane: Harry Kane,[],t3_y9dpmh,r/coys,0,5,#edeff1,,[],,1,True,"{'neg': 0.0, 'neu': 0.872, 'pos': 0.128, 'compound': 0.4199}"
28,<praw.models.comment_forest.CommentForest object at 0x00000173F3799100>,y9dpmh,<praw.reddit.Reddit object at 0x00000173E36DEF10>,t5_2ryq7,,False,,[],,,text,0,coys,,,[],False,it70w0d,,,0,False,,True,UnderstandingLow3162,False,2022-10-21 12:09:30,True,t1_it6ywrm,1,t2_98nugs89,,,[],False,"It can, because of other reasons (e.g. Queen dies ðŸ˜†, or  progress in cup competitions) but generally speaking once the TV picks are announced the time is fixed",False,,,t1_it70w0d,False,0,[],False,"<div class=""md""><p>It can, because of other reasons (e.g. Queen dies ðŸ˜†, or  progress in cup competitions) but generally speaking once the TV picks are announced the time is fixed</p>
</div>",,,,,False,False,True,{},,,False,/r/coys/comments/y9dpmh/she_understood_the_assignment/it70w0d/,public,False,,1666354170.0,,[],t3_y9dpmh,r/coys,0,6,,,[],,1,True,"{'neg': 0.0, 'neu': 0.885, 'pos': 0.115, 'compound': 0.3919}"
